event_id,event_date,event_type,event_category,core_sentence,event_summary,post_id,subreddit,post_date,day_diff,similarity,score,title,permalink
9c1ea4176a69,2022-02-01,ASSAULT,CONFLICT,Russia ASSAULT Ukraine,"Russia launched a military invasion of Ukraine, escalating tensions that had been building due to historical disputes and geopolitical factors. This invasion marked the beginning of a full-scale war b",t0ax9x,worldnews,2022-02-24T13:22:12+00:00,23,0.8314,1,Russia launches ‘full-scale invasion’ on Ukraine,/r/worldnews/comments/t0ax9x/russia_launches_fullscale_invasion_on_ukraine/
9c1ea4176a69,2022-02-01,ASSAULT,CONFLICT,Russia ASSAULT Ukraine,"Russia launched a military invasion of Ukraine, escalating tensions that had been building due to historical disputes and geopolitical factors. This invasion marked the beginning of a full-scale war b",t078yw,worldnews,2022-02-24T09:53:40+00:00,23,0.8282,44,Russia launches full-scale invasion of Ukraine,/r/worldnews/comments/t078yw/russia_launches_fullscale_invasion_of_ukraine/
9c1ea4176a69,2022-02-01,ASSAULT,CONFLICT,Russia ASSAULT Ukraine,"Russia launched a military invasion of Ukraine, escalating tensions that had been building due to historical disputes and geopolitical factors. This invasion marked the beginning of a full-scale war b",t0odj3,worldnews,2022-02-24T23:16:33+00:00,23,0.8178,31,Russia launches massive invasion of Ukraine — as it happened,/r/worldnews/comments/t0odj3/russia_launches_massive_invasion_of_ukraine_as_it/
9c1ea4176a69,2022-02-01,ASSAULT,CONFLICT,Russia ASSAULT Ukraine,"Russia launched a military invasion of Ukraine, escalating tensions that had been building due to historical disputes and geopolitical factors. This invasion marked the beginning of a full-scale war b",t02b22,worldnews,2022-02-24T04:56:41+00:00,23,0.7917,18,"Russia has launched full-scale invasion of Ukraine, Kyiv says",/r/worldnews/comments/t02b22/russia_has_launched_fullscale_invasion_of_ukraine/
9c1ea4176a69,2022-02-01,ASSAULT,CONFLICT,Russia ASSAULT Ukraine,"Russia launched a military invasion of Ukraine, escalating tensions that had been building due to historical disputes and geopolitical factors. This invasion marked the beginning of a full-scale war b",t1fkj0,worldnews,2022-02-25T21:51:57+00:00,24,0.7893,56,The invasion of Ukraine: Where Russia has attacked,/r/worldnews/comments/t1fkj0/the_invasion_of_ukraine_where_russia_has_attacked/
9c1ea4176a69,2022-02-01,ASSAULT,CONFLICT,Russia ASSAULT Ukraine,"Russia launched a military invasion of Ukraine, escalating tensions that had been building due to historical disputes and geopolitical factors. This invasion marked the beginning of a full-scale war b",t07ges,worldnews,2022-02-24T10:06:23+00:00,23,0.7888,33,Russia launches full-scale invasion of Ukraine | Reuters,/r/worldnews/comments/t07ges/russia_launches_fullscale_invasion_of_ukraine/
bc6370ea13f3,2022-02-05,AID,COOPERATION,Russia AID,"Russia launched the Cosmos-2553 satellite into space as a prototype for an anti-satellite weapon program. This satellite is designed to test components that could potentially carry nuclear weapons, al",t0rz6p,worldnews,2022-02-25T02:06:27+00:00,20,0.5836,1071,Russia's space agency warns US sanctions could 'destroy' cooperation on the International Space Station | CNN Politics,/r/worldnews/comments/t0rz6p/russias_space_agency_warns_us_sanctions_could/
bc6370ea13f3,2022-02-05,AID,COOPERATION,Russia AID,"Russia launched the Cosmos-2553 satellite into space as a prototype for an anti-satellite weapon program. This satellite is designed to test components that could potentially carry nuclear weapons, al",swu5f4,worldnews,2022-02-20T05:51:33+00:00,15,0.5744,1,Russia test launches nuclear capable missiles,/r/worldnews/comments/swu5f4/russia_test_launches_nuclear_capable_missiles/
bc6370ea13f3,2022-02-05,AID,COOPERATION,Russia AID,"Russia launched the Cosmos-2553 satellite into space as a prototype for an anti-satellite weapon program. This satellite is designed to test components that could potentially carry nuclear weapons, al",t2pu7q,worldnews,2022-02-27T14:51:59+00:00,22,0.5568,0,Russia&amp;#x27;s Putin puts nuclear forces on high alert,/r/worldnews/comments/t2pu7q/russiax27s_putin_puts_nuclear_forces_on_high_alert/
bc6370ea13f3,2022-02-05,AID,COOPERATION,Russia AID,"Russia launched the Cosmos-2553 satellite into space as a prototype for an anti-satellite weapon program. This satellite is designed to test components that could potentially carry nuclear weapons, al",t3rya2,worldnews,2022-02-28T22:34:23+00:00,23,0.5484,118,"Russia has already fired 113 Iskander, Kalibr missiles at Ukraine – army chief",/r/worldnews/comments/t3rya2/russia_has_already_fired_113_iskander_kalibr/
bc6370ea13f3,2022-02-05,AID,COOPERATION,Russia AID,"Russia launched the Cosmos-2553 satellite into space as a prototype for an anti-satellite weapon program. This satellite is designed to test components that could potentially carry nuclear weapons, al",su0gpc,worldnews,2022-02-16T16:46:24+00:00,11,0.5443,1,"Russia sends warplanes to Syria for huge naval drills in Med, Putin's Nuclear Bombers in Syria",/r/worldnews/comments/su0gpc/russia_sends_warplanes_to_syria_for_huge_naval/
bc6370ea13f3,2022-02-05,AID,COOPERATION,Russia AID,"Russia launched the Cosmos-2553 satellite into space as a prototype for an anti-satellite weapon program. This satellite is designed to test components that could potentially carry nuclear weapons, al",t1fpyu,worldnews,2022-02-25T21:58:45+00:00,20,0.5434,14,Russia threatens to crash ISS space station over sanctions.,/r/worldnews/comments/t1fpyu/russia_threatens_to_crash_iss_space_station_over/
e50a4005b3bb,2022-02-24,COOPERATE,COOPERATION,North Korea and Russia COOPERATE,"North Korea has supplied approximately 6.5 million artillery shells to Russia since the beginning of Russia's full-scale invasion of Ukraine on February 24, 2022. This military support is part of a br",t2ajzq,worldnews,2022-02-26T23:50:09+00:00,2,0.6176,1,North Korea fires MISSILE toward Sea of Japan Russia's invasion of Ukraine spikes tensions globally,/r/worldnews/comments/t2ajzq/north_korea_fires_missile_toward_sea_of_japan/
e50a4005b3bb,2022-02-24,COOPERATE,COOPERATION,North Korea and Russia COOPERATE,"North Korea has supplied approximately 6.5 million artillery shells to Russia since the beginning of Russia's full-scale invasion of Ukraine on February 24, 2022. This military support is part of a br",t2a83k,worldnews,2022-02-26T23:33:54+00:00,2,0.6021,209,"Amid Ukraine conflict, North Korea fires ‘unidentified projectile’ eastward",/r/worldnews/comments/t2a83k/amid_ukraine_conflict_north_korea_fires/
e50a4005b3bb,2022-02-24,COOPERATE,COOPERATION,North Korea and Russia COOPERATE,"North Korea has supplied approximately 6.5 million artillery shells to Russia since the beginning of Russia's full-scale invasion of Ukraine on February 24, 2022. This military support is part of a br",t2akh5,worldnews,2022-02-26T23:50:50+00:00,2,0.5787,1,North Korea blames U.S. in 1st response to Russian invasion of Ukraine,/r/worldnews/comments/t2akh5/north_korea_blames_us_in_1st_response_to_russian/
e50a4005b3bb,2022-02-24,COOPERATE,COOPERATION,North Korea and Russia COOPERATE,"North Korea has supplied approximately 6.5 million artillery shells to Russia since the beginning of Russia's full-scale invasion of Ukraine on February 24, 2022. This military support is part of a br",t220og,worldnews,2022-02-26T17:16:15+00:00,2,0.5787,159,North Korea blames U.S. in 1st response to Russian invasion of Ukraine,/r/worldnews/comments/t220og/north_korea_blames_us_in_1st_response_to_russian/
e50a4005b3bb,2022-02-24,COOPERATE,COOPERATION,North Korea and Russia COOPERATE,"North Korea has supplied approximately 6.5 million artillery shells to Russia since the beginning of Russia's full-scale invasion of Ukraine on February 24, 2022. This military support is part of a br",t2jpy2,worldnews,2022-02-27T08:30:50+00:00,3,0.5726,1,"North Korea defends Russia, says US ‘root cause’ of Ukraine invasion",/r/worldnews/comments/t2jpy2/north_korea_defends_russia_says_us_root_cause_of/
e50a4005b3bb,2022-02-24,COOPERATE,COOPERATION,North Korea and Russia COOPERATE,"North Korea has supplied approximately 6.5 million artillery shells to Russia since the beginning of Russia's full-scale invasion of Ukraine on February 24, 2022. This military support is part of a br",t1r8pp,worldnews,2022-02-26T07:29:16+00:00,2,0.5693,3618,"Ukraine: 28 nations agree to give more weapons and military aid to country after Russian invasion, Sky News understands",/r/worldnews/comments/t1r8pp/ukraine_28_nations_agree_to_give_more_weapons_and/
eb197f888460,2022-02-24,ASSAULT,CONFLICT,"Russia and Ukraine ASSAULT each other in the Russia-Ukraine conflict escalation on February 24, 2022.","The Russia–Ukraine conflict escalated significantly on February 24, 2022, marking a decisive turning point in the ongoing hostilities between Russia and Ukraine, which had been ongoing since the Donba",sz9qxw,worldnews,2022-02-23T05:46:39+00:00,0,0.76,1728,"/r/worldnews live thread: Ukraine - Russia hostilities (February 23, 2022 | Thread I)",/r/worldnews/comments/sz9qxw/rworldnews_live_thread_ukraine_russia_hostilities/
eb197f888460,2022-02-24,ASSAULT,CONFLICT,"Russia and Ukraine ASSAULT each other in the Russia-Ukraine conflict escalation on February 24, 2022.","The Russia–Ukraine conflict escalated significantly on February 24, 2022, marking a decisive turning point in the ongoing hostilities between Russia and Ukraine, which had been ongoing since the Donba",sypx00,worldnews,2022-02-22T15:12:34+00:00,-1,0.7492,2236,"/r/worldnews Live Thread: Ukraine-Russia Conflict (February 22, 2022 | Thread II)",/r/worldnews/comments/sypx00/rworldnews_live_thread_ukrainerussia_conflict/
eb197f888460,2022-02-24,ASSAULT,CONFLICT,"Russia and Ukraine ASSAULT each other in the Russia-Ukraine conflict escalation on February 24, 2022.","The Russia–Ukraine conflict escalated significantly on February 24, 2022, marking a decisive turning point in the ongoing hostilities between Russia and Ukraine, which had been ongoing since the Donba",syfneh,worldnews,2022-02-22T05:38:41+00:00,-1,0.7394,2129,"/r/worldnews live thread: Ukraine-Russia Tensions (February 22, 2022 | Thread I)",/r/worldnews/comments/syfneh/rworldnews_live_thread_ukrainerussia_tensions/
eb197f888460,2022-02-24,ASSAULT,CONFLICT,"Russia and Ukraine ASSAULT each other in the Russia-Ukraine conflict escalation on February 24, 2022.","The Russia–Ukraine conflict escalated significantly on February 24, 2022, marking a decisive turning point in the ongoing hostilities between Russia and Ukraine, which had been ongoing since the Donba",syv6z0,worldnews,2022-02-22T18:53:46+00:00,-1,0.7309,2030,"/r/Worldnews Live Thread: Ukraine-Russia Tensions (February 22, 2022 | Thread III)",/r/worldnews/comments/syv6z0/rworldnews_live_thread_ukrainerussia_tensions/
eb197f888460,2022-02-24,ASSAULT,CONFLICT,"Russia and Ukraine ASSAULT each other in the Russia-Ukraine conflict escalation on February 24, 2022.","The Russia–Ukraine conflict escalated significantly on February 24, 2022, marking a decisive turning point in the ongoing hostilities between Russia and Ukraine, which had been ongoing since the Donba",sya4x3,worldnews,2022-02-22T01:07:58+00:00,-1,0.7306,2660,"/r/worldnews Live Thread: Ukraine-Russia Tensions (February 21, 2022 | Thread V)",/r/worldnews/comments/sya4x3/rworldnews_live_thread_ukrainerussia_tensions/
eb197f888460,2022-02-24,ASSAULT,CONFLICT,"Russia and Ukraine ASSAULT each other in the Russia-Ukraine conflict escalation on February 24, 2022.","The Russia–Ukraine conflict escalated significantly on February 24, 2022, marking a decisive turning point in the ongoing hostilities between Russia and Ukraine, which had been ongoing since the Donba",t3cd9o,worldnews,2022-02-28T10:13:38+00:00,4,0.7205,1,Russia Ukraine Conflict,/r/worldnews/comments/t3cd9o/russia_ukraine_conflict/
